,airport,year,PC1,PC2,cluster,avg_gate_delay_dep,cancel_dep
0,ABQ,2004,2.65561107556,-0.336453320687,1,10.38,242.0
1,ABQ,2005,3.05587174245,-0.680010257646,1,9.6,221.0
2,ABQ,2006,2.44738445545,-0.091313556412,1,10.84,392.0
3,ABQ,2007,2.01836516744,0.0827742236034,1,11.29,366.0
4,ABQ,2008,2.60346591505,-0.305683045227,1,10.79,333.0
5,ABQ,2009,3.7047763571,-1.22877681254,1,9.24,192.0
6,ABQ,2010,3.28071300719,-0.689985715135,1,10.25,222.0
7,ABQ,2011,2.98846116143,-0.478501029192,1,10.81,345.0
8,ABQ,2012,3.37433201727,-0.85683899011,1,10.55,237.0
9,ABQ,2013,2.18614082208,0.798162678983,1,12.56,232.0
10,ABQ,2014,1.55899501118,1.6578064992,1,14.3,315.0
11,ANC,2004,-1.88713851933,4.80869938464,1,21.45,473.0
12,ANC,2005,-0.840754985416,3.02076284712,1,18.36,424.0
13,ANC,2006,-0.306457568267,2.07177383121,1,15.56,367.0
14,ANC,2007,-0.382775471036,2.11556101895,1,15.69,359.0
15,ANC,2008,0.321892800615,1.05788774735,1,13.45,268.0
16,ANC,2009,1.32170363445,0.522058670927,1,15.1,354.0
17,ANC,2010,0.652429706448,1.67915927955,1,17.77,149.0
18,ANC,2011,1.68090608468,0.0809541424783,1,14.56,191.0
19,ANC,2012,2.96845390573,-1.36580854526,1,10.01,216.0
20,ANC,2013,3.22651855669,-1.66583654374,1,9.18,141.0
21,ANC,2014,2.44399249777,-0.851739194897,1,11.33,111.0
22,ATL,2004,-8.63507803506,-3.75013167814,0,13.59,7870.0
23,ATL,2005,-10.4229860786,-4.92563617541,0,15.5,13837.0
24,ATL,2006,-9.72369100378,-3.06382064557,0,16.2,6624.0
25,ATL,2007,-9.61706877073,-3.79048357902,0,16.77,6796.0
26,ATL,2008,-8.97618189963,-4.58615999595,0,13.86,5830.0
27,ATL,2009,-9.46605952309,-4.63320204161,0,13.2,5324.0
28,ATL,2010,-8.30655518382,-6.03198370534,0,12.82,8198.0
29,ATL,2011,-6.73452950378,-5.80854957816,0,12.2,6555.0
30,ATL,2012,-3.35145254818,-5.77545691099,0,9.84,2259.0
31,ATL,2013,-4.51017110774,-4.49014333422,0,12.28,2916.0
32,ATL,2014,-4.81495260108,-5.07256929379,0,11.99,5977.0
33,AUS,2004,1.86583473138,1.02729294842,1,12.05,477.0
34,AUS,2005,2.2600499533,-0.0890538709496,1,10.31,435.0
35,AUS,2006,1.51319496597,0.822650414134,1,12.29,440.0
36,AUS,2007,0.800958930579,0.926852923799,1,12.84,827.0
37,AUS,2008,1.58626857003,0.384726158413,1,11.77,732.0
38,AUS,2009,2.36047562247,-0.153973733674,1,10.91,298.0
39,AUS,2010,2.56710566668,-0.119748946802,1,10.98,356.0
40,AUS,2011,2.49283368127,-0.0891647709016,1,11.29,425.0
41,AUS,2012,2.45980089621,-0.225437246215,1,10.98,353.0
42,AUS,2013,1.25549851743,1.26451789118,1,13.25,390.0
43,AUS,2014,1.07076002616,1.45697289082,1,14.16,484.0
44,BDL,2004,1.37610284293,0.410631201529,1,10.26,426.0
45,BDL,2005,1.01318209461,0.723472511831,1,11.34,719.0
46,BDL,2006,0.903491123466,1.10268295783,1,12.09,561.0
47,BDL,2007,0.0757282679448,1.78922827657,1,13.64,757.0
48,BDL,2008,0.858586715865,0.965179552091,1,12.27,587.0
49,BDL,2009,2.10558502012,-0.0687870379711,1,10.26,347.0
50,BDL,2010,1.65961450758,0.440036493879,1,10.79,466.0
51,BDL,2011,1.51725509309,0.776738147958,1,12.24,614.0
52,BDL,2012,2.33050488216,0.38967325111,1,11.2,295.0
53,BDL,2013,1.423417315,1.37275120968,1,12.7,364.0
54,BDL,2014,1.53287329427,1.16524265739,1,12.64,467.0
55,BHM,2004,1.71548670056,1.38269979464,1,12.41,402.0
56,BHM,2005,1.59513351483,1.2935199309,1,12.01,419.0
57,BHM,2006,0.888569253292,2.28647268728,1,14.13,287.0
58,BHM,2007,0.686692453074,2.36754841385,1,14.55,459.0
59,BHM,2008,1.28557877186,1.74855418446,1,13.82,385.0
60,BHM,2009,1.55594155871,1.35485064095,1,13.02,249.0
61,BHM,2010,1.78958772701,1.15547961393,1,12.62,315.0
62,BHM,2011,2.27201135414,0.974637326484,1,12.37,266.0
63,BHM,2012,2.83730042586,0.51816801742,1,11.45,147.0
64,BHM,2013,1.42518588991,1.80502650521,1,13.62,203.0
65,BHM,2014,1.01095413294,2.5776390646,1,15.58,336.0
66,BNA,2004,1.31817208155,0.258112369354,1,11.37,752.0
67,BNA,2005,1.33527092515,0.236006068908,1,11.61,706.0
68,BNA,2006,0.601459692823,0.872974990623,1,13.18,739.0
69,BNA,2007,0.114503873095,1.4291724878,1,14.56,973.0
70,BNA,2008,0.725818248827,0.928390146937,1,13.75,791.0
71,BNA,2009,1.76619353988,0.0017868514465,1,12.05,573.0
72,BNA,2010,1.32864369104,0.243686073895,1,12.74,886.0
73,BNA,2011,1.73474185116,0.10204878906,1,12.51,795.0
74,BNA,2012,2.52680577093,-0.609644092455,1,11.02,579.0
75,BNA,2013,0.926185394251,0.824074698191,1,13.91,870.0
76,BNA,2014,0.235218822451,1.56736284149,1,15.44,1266.0
77,BOS,2004,-2.19614706851,-1.34402371926,0,11.35,3332.0
78,BOS,2005,-3.75327860268,-0.0995227869931,0,14.0,4199.0
79,BOS,2006,-3.55034192377,0.197951537454,0,14.18,3359.0
80,BOS,2007,-4.58843075014,0.761762290717,0,15.82,4379.0
81,BOS,2008,-3.38674847577,-0.0486221573661,0,14.03,3655.0
82,BOS,2009,-1.7229181118,-0.96424998574,0,11.52,2891.0
83,BOS,2010,-1.90846344614,-0.805554514628,0,11.7,3071.0
84,BOS,2011,-2.74248661595,-0.322392042117,0,13.38,3621.0
85,BOS,2012,-0.259037604,-1.25626538728,1,11.56,1498.0
86,BOS,2013,-1.35525783455,-0.612208817619,1,12.81,1640.0
87,BOS,2014,-1.22228355381,-1.0936018206,1,11.73,2316.0
88,BUF,2004,1.13131177736,1.98090433252,1,12.94,514.0
89,BUF,2005,0.321981895814,2.39562678776,1,14.94,456.0
90,BUF,2006,0.0271823936268,2.4795362349,1,15.26,559.0
91,BUF,2007,-0.895156858231,3.67318648237,1,17.39,689.0
92,BUF,2008,-0.0409823729185,2.49656697491,1,16.06,611.0
93,BUF,2009,1.00929238212,1.39539102987,1,13.9,344.0
94,BUF,2010,0.918355076348,1.54198617831,1,13.93,483.0
95,BUF,2011,1.08268653315,1.89107410143,1,15.14,387.0
96,BUF,2012,1.91349013301,1.06755918847,1,13.48,330.0
97,BUF,2013,0.892409946305,1.87044611935,1,14.56,422.0
98,BUF,2014,0.964691624165,2.23733976343,1,15.53,612.0
99,BUR,2004,2.54694230402,0.225643811472,1,11.33,263.0
100,BUR,2005,1.91555399248,0.547719418261,1,11.33,285.0
101,BUR,2006,1.89032707824,0.115869802849,1,11.4,427.0
102,BUR,2007,1.7292924341,-0.0337699206967,1,11.79,517.0
103,BUR,2008,2.63670602864,-0.491404672324,1,10.78,535.0
104,BUR,2009,3.9756287433,-1.74816483884,1,8.3,412.0
105,BUR,2010,3.33279624533,-0.876533337642,1,9.99,465.0
106,BUR,2011,3.35883224652,-0.811451903526,1,9.6,493.0
107,BUR,2012,4.02341190505,-1.42607043947,1,8.88,488.0
108,BUR,2013,3.62897737296,-0.565855414328,1,10.2,399.0
109,BUR,2014,2.90448877767,0.298551752031,1,11.3,427.0
110,BWI,2004,0.235911914238,-0.234711246434,1,11.53,1186.0
111,BWI,2005,-0.00300132616541,0.0983893582436,1,12.58,1407.0
112,BWI,2006,-0.0201141546299,0.436062522869,1,13.35,1127.0
113,BWI,2007,-0.934251114502,0.939431888127,1,14.67,1759.0
114,BWI,2008,0.294056092745,0.0901506829736,1,13.24,1002.0
115,BWI,2009,0.467294065948,-0.651667413855,1,12.09,1042.0
116,BWI,2010,-0.347955753913,-0.412392464724,1,13.1,2282.0
117,BWI,2011,-0.0626808443457,-0.369001905118,1,13.55,1567.0
118,BWI,2012,0.0818199170624,-0.469470676204,1,13.02,1511.0
119,BWI,2013,-0.617454954201,0.819939328226,1,15.23,954.0
120,BWI,2014,-1.19783459934,1.16106167802,1,16.1,1588.0
121,CLE,2004,-0.33928206686,-1.14835800375,1,9.31,1438.0
122,CLE,2005,-0.36737758873,-0.800007109308,1,10.15,1207.0
123,CLE,2006,0.396216798536,-0.789330672893,1,10.34,1116.0
124,CLE,2007,-1.14458964566,0.463940988121,1,12.89,1427.0
125,CLE,2008,0.0609117330854,-0.159453989707,1,12.53,1359.0
126,CLE,2009,2.55185213305,-1.79052835498,1,8.97,628.0
127,CLE,2010,1.72363685206,-1.00806641414,1,9.88,801.0
128,CLE,2011,1.12240756291,-0.124967107302,1,12.06,1022.0
129,CLE,2012,1.67980053905,-0.142665020544,1,12.41,654.0
130,CLE,2013,0.588182641091,0.960621007384,1,14.34,759.0
131,CLE,2014,0.160408777699,1.44834120804,1,15.1,1282.0
132,CLT,2004,-0.380362538078,-1.10606780001,1,11.85,1519.0
133,CLT,2005,-2.16724018476,-0.571606984235,0,13.3,1715.0
134,CLT,2006,-2.64740981193,-0.909085282519,0,12.07,1569.0
135,CLT,2007,-3.89967505278,0.269951329749,0,14.59,2170.0
136,CLT,2008,-2.93663663107,-1.09458791483,0,12.19,1986.0
137,CLT,2009,-1.28421267648,-1.70250796533,1,10.31,1149.0
138,CLT,2010,-0.712838239813,-2.76781901651,1,9.88,1616.0
139,CLT,2011,-2.30494451375,-1.94979828581,0,12.33,2230.0
140,CLT,2012,-0.0879452786784,-3.21834791181,1,9.39,1097.0
141,CLT,2013,-1.62300305091,-2.15182641954,0,11.37,1701.0
142,CLT,2014,-1.36563850236,-2.0206643287,1,12.23,1925.0
143,CVG,2004,-2.18644877253,-3.16360375435,0,10.71,5656.0
144,CVG,2005,-1.36019204782,-3.87579521316,0,8.84,4606.0
145,CVG,2006,0.547060665327,-2.84461015154,1,8.55,1816.0
146,CVG,2007,-0.992648443453,-1.1703116322,1,11.75,2415.0
147,CVG,2008,-0.236299931726,-1.3906884015,1,11.15,1853.0
148,CVG,2009,1.16577247834,-2.01005911227,1,10.01,1056.0
149,CVG,2010,0.664779126072,-0.890014104997,1,11.85,943.0
150,CVG,2011,2.08284245281,-0.622293090243,1,12.39,667.0
151,CVG,2012,2.79845686208,-0.970151129265,1,11.65,495.0
152,CVG,2013,1.30712901264,0.273064250473,1,13.96,965.0
153,CVG,2014,1.23665118788,0.808352860209,1,14.96,670.0
154,DAL,2004,0.822386912382,1.58529828366,1,13.87,1186.0
155,DAL,2005,1.31882865574,1.01448381294,1,12.73,969.0
156,DAL,2006,1.17560860091,1.07864226103,1,13.3,968.0
157,DAL,2007,-0.280443178768,2.1709604785,1,16.04,1029.0
158,DAL,2008,0.556708269907,1.49119903537,1,14.79,975.0
159,DAL,2009,1.68081411781,0.501394408457,1,13.49,663.0
160,DAL,2010,0.752851958216,1.69518988375,1,15.57,729.0
161,DAL,2011,1.21164312118,1.29000763224,1,14.78,911.0
162,DAL,2012,2.22659106437,0.349628295131,1,12.62,588.0
163,DAL,2013,0.524163156029,1.96196513711,1,14.96,475.0
164,DAL,2014,-0.423351698301,3.20793614014,1,18.04,654.0
165,DAY,2004,0.76371597426,2.14264123123,1,14.95,418.0
166,DAY,2005,1.21515532628,1.51752601951,1,13.27,378.0
167,DAY,2006,1.80409574159,1.40764301347,1,12.91,238.0
168,DAY,2007,1.27188773375,1.5420405233,1,13.17,446.0
169,DAY,2008,1.3639366068,1.09318254068,1,12.64,362.0
170,DAY,2009,2.25181621651,0.244152232285,1,11.02,240.0
171,DAY,2010,2.45044896582,0.131365585318,1,10.34,288.0
172,DAY,2011,2.26644292831,0.631484544348,1,11.48,385.0
173,DAY,2012,2.71799827357,0.208624584819,1,10.95,262.0
174,DAY,2013,1.50467781248,1.4710217656,1,13.32,333.0
175,DAY,2014,1.18337314204,2.22363296408,1,14.44,428.0
176,DCA,2004,0.5223272483,-1.87497479148,1,10.11,2349.0
177,DCA,2005,-0.773121240287,-1.61917620058,1,11.48,2855.0
178,DCA,2006,-1.06392661371,-1.00841375177,1,11.95,2495.0
179,DCA,2007,-2.17696346419,0.0745745048475,0,14.71,3282.0
180,DCA,2008,-0.421576283948,-1.41676261272,1,11.67,2735.0
181,DCA,2009,0.345638764157,-1.91884167152,1,10.56,1941.0
182,DCA,2010,0.170516171186,-2.21413902239,1,10.64,3253.0
183,DCA,2011,-0.701784311686,-0.943407582577,1,13.12,2496.0
184,DCA,2012,0.374397859613,-1.25215348101,1,12.2,1766.0
185,DCA,2013,-0.17346517833,-0.882834803528,1,13.01,1711.0
186,DCA,2014,-0.570447231892,-0.705498995907,1,13.55,2269.0
187,DEN,2004,-0.122481348363,-2.66353071738,1,10.26,1379.0
188,DEN,2005,-0.885983423769,-2.79192373671,1,11.25,1975.0
189,DEN,2006,-2.69301444981,-2.65461069409,0,12.8,4413.0
190,DEN,2007,-4.0507321606,-1.62027775627,0,14.11,3805.0
191,DEN,2008,-3.3092745325,-2.14612652551,0,12.84,2725.0
192,DEN,2009,-2.96445554408,-2.81197419763,0,12.54,2779.0
193,DEN,2010,-2.1339145624,-3.76794196465,0,11.42,2457.0
194,DEN,2011,-2.3614763361,-3.39190242466,0,12.48,2921.0
195,DEN,2012,-1.43885601011,-2.69256596202,0,12.86,2000.0
196,DEN,2013,-3.81407612004,-1.12546043595,0,16.43,2694.0
197,DEN,2014,-4.03936549157,-1.11700461676,0,16.64,3140.0
198,DFW,2004,-5.68575915312,-5.72420788292,0,11.21,5535.0
199,DFW,2005,-4.56949782574,-4.89514318546,0,11.63,4140.0
200,DFW,2006,-5.24139902911,-4.20609942216,0,13.47,5502.0
201,DFW,2007,-8.98421106809,-3.95550049091,0,17.25,9372.0
202,DFW,2008,-6.2711748417,-4.25299402243,0,14.25,7272.0
203,DFW,2009,-5.14781233392,-4.04856056858,0,14.64,5101.0
204,DFW,2010,-3.81930156939,-5.24173551943,0,12.31,4507.0
205,DFW,2011,-3.85082478279,-5.55251121136,0,12.2,6114.0
206,DFW,2012,-3.64746291778,-5.09747347581,0,12.3,4980.0
207,DFW,2013,-5.77540866964,-4.4102033488,0,15.05,7150.0
208,DFW,2014,-6.48479925099,-4.19059160744,0,14.82,6830.0
209,DTW,2004,-1.49312100412,-2.33672615682,0,10.76,2171.0
210,DTW,2005,-3.02967850049,-1.08589061706,0,14.04,2513.0
211,DTW,2006,-2.35571019718,-1.05268489924,0,12.29,1934.0
212,DTW,2007,-4.90215884963,-1.15862924743,0,12.88,4103.0
213,DTW,2008,-2.68016738078,-1.99019525841,0,11.99,2583.0
214,DTW,2009,-1.61704590309,-2.59731220847,0,9.85,1512.0
215,DTW,2010,-3.4231884823,-1.66220724923,0,12.93,3149.0
216,DTW,2011,-0.359707040104,-1.21677457636,1,12.56,1485.0
217,DTW,2012,0.514878181656,-1.5688189182,1,12.2,838.0
218,DTW,2013,-1.62846018058,-1.93571918051,0,11.94,2279.0
219,DTW,2014,-0.299961302893,-1.29047773243,1,12.54,1866.0
220,EWR,2004,-6.70433118182,0.314832372355,0,12.87,3883.0
221,EWR,2005,-8.66641915629,1.98807470014,0,16.02,4622.0
222,EWR,2006,-10.4933932023,2.63906648458,0,18.07,4557.0
223,EWR,2007,-11.4361031562,3.5353549292,0,21.24,5926.0
224,EWR,2008,-10.2809759926,3.25535516322,0,20.24,4511.0
225,EWR,2009,-7.7675905093,2.63365619804,0,17.99,2969.0
226,EWR,2010,-4.95676233441,0.904079438508,0,16.22,3706.0
227,EWR,2011,-6.56837578253,1.79792936966,0,17.77,4502.0
228,EWR,2012,-5.772117322,1.4619223527,0,18.06,3821.0
229,EWR,2013,-5.54215458974,1.30020286259,0,18.13,3350.0
230,EWR,2014,-5.67150216627,1.12212795846,0,17.96,4814.0
231,FLL,2004,-0.616826272103,0.772453422284,1,13.27,987.0
232,FLL,2005,-2.23165127727,1.93519852518,0,16.6,1367.0
233,FLL,2006,0.0877035978525,0.182121799419,1,13.13,526.0
234,FLL,2007,-1.15990689445,1.5857406486,1,15.62,709.0
235,FLL,2008,-1.26843331801,1.41982002068,1,15.67,542.0
236,FLL,2009,-0.0696154470128,0.502709747317,1,14.02,381.0
237,FLL,2010,0.126448246064,0.492790221693,1,14.17,750.0
238,FLL,2011,-0.194305398649,0.722874707887,1,14.5,767.0
239,FLL,2012,-0.10049997253,0.786656419169,1,15.41,537.0
240,FLL,2013,-1.09806992809,1.69191814626,1,16.57,410.0
241,FLL,2014,-0.951781339982,1.5770429415,1,16.55,875.0
242,HNL,2004,2.91626687317,-1.90345292191,1,11.26,96.0
243,HNL,2005,3.23030740335,-2.2479959797,1,10.75,92.0
244,HNL,2006,3.99779969856,-3.20067134969,1,7.2,608.0
245,HNL,2007,4.22047864677,-3.2074576987,1,7.77,407.0
246,HNL,2008,3.48365883949,-2.65509781818,1,8.23,463.0
247,HNL,2009,3.45038179313,-2.86712567673,1,7.5,250.0
248,HNL,2010,3.56919219457,-3.07036168388,1,6.95,225.0
249,HNL,2011,4.20865349228,-3.3404359224,1,7.0,369.0
250,HNL,2012,4.05718955091,-3.29941701761,1,7.32,258.0
251,HNL,2013,3.73021766927,-2.95920038688,1,7.96,448.0
252,HNL,2014,4.0756073122,-3.40659616296,1,6.45,179.0
253,HOU,2004,0.537112135644,0.837115189852,1,13.61,1238.0
254,HOU,2005,0.194308419492,0.849537584744,1,13.98,1289.0
255,HOU,2006,0.373466510574,1.52787474127,1,15.18,1009.0
256,HOU,2007,-0.532476040794,2.04725347463,1,16.37,940.0
257,HOU,2008,0.0124584448226,1.37669534625,1,15.53,1584.0
258,HOU,2009,1.41136869893,0.32452536696,1,14.27,844.0
259,HOU,2010,0.553044165408,1.41504409385,1,16.07,864.0
260,HOU,2011,1.24817448602,1.04750429423,1,15.4,868.0
261,HOU,2012,1.62243821318,0.479581181192,1,14.35,594.0
262,HOU,2013,0.418824619432,1.95360541125,1,16.24,540.0
263,HOU,2014,-0.699343351516,2.7862158407,1,18.51,955.0
264,HPN,2004,-3.7024974307,6.60686829127,0,20.8,349.0
265,HPN,2005,-3.8577721863,7.63573600949,0,23.28,320.0
266,HPN,2006,-4.19479474216,7.73461599009,0,23.3,290.0
267,HPN,2007,-6.61267780994,8.81786900506,0,25.84,600.0
268,HPN,2008,-3.78682272924,7.13541046961,0,22.72,346.0
269,HPN,2009,-2.11504669689,5.89746088689,1,20.39,200.0
270,HPN,2010,-2.20733072175,6.05299571106,1,20.5,305.0
271,HPN,2011,-2.655862702,6.55537879915,1,21.64,328.0
272,HPN,2012,-1.72750607576,5.8561943595,1,19.91,171.0
273,HPN,2013,-2.64024868851,6.75972483279,1,21.07,263.0
274,HPN,2014,-3.08687896092,6.83932765393,0,21.29,474.0
275,IAD,2004,-3.91304952389,0.635024837141,0,15.71,2856.0
276,IAD,2005,-2.94102689685,0.158947744987,0,15.07,2452.0
277,IAD,2006,-2.69301789354,0.889133896964,0,16.89,2232.0
278,IAD,2007,-3.69302333539,1.75838428906,0,17.92,2920.0
279,IAD,2008,-2.93825500928,1.91279276484,0,18.33,2077.0
280,IAD,2009,-0.757840965228,0.0445408968123,1,14.57,1315.0
281,IAD,2010,-0.806590311322,-0.115593946613,1,14.33,2020.0
282,IAD,2011,-1.69633731538,1.00467616297,1,16.59,1804.0
283,IAD,2012,-1.03482296282,0.92337780173,1,16.25,1698.0
284,IAD,2013,-1.6752412232,1.59940792367,1,17.29,1700.0
285,IAD,2014,-2.3449105137,2.58325474811,0,19.34,2032.0
286,IAH,2004,-3.70834336654,-3.73484360393,0,8.39,1825.0
287,IAH,2005,-3.12982384865,-4.01080549787,0,9.05,3426.0
288,IAH,2006,-5.6967165973,-3.36486096661,0,12.51,2374.0
289,IAH,2007,-4.39725616507,-2.79218062686,0,13.19,2033.0
290,IAH,2008,-3.45525275827,-2.92007082332,0,12.2,3261.0
291,IAH,2009,-1.81742304505,-3.63830417283,0,9.42,1249.0
292,IAH,2010,-1.36400928921,-3.01574775638,0,10.37,1375.0
293,IAH,2011,-2.03034333936,-2.67333688071,0,11.6,2105.0
294,IAH,2012,-2.44015345728,-1.81219242974,0,14.18,1898.0
295,IAH,2013,-1.90475923461,-2.0894286449,0,13.62,1894.0
296,IAH,2014,-3.8435405211,-1.83836240637,0,14.92,3744.0
297,IND,2004,0.45758085221,0.976512800364,1,12.28,509.0
298,IND,2005,-0.370516662777,1.28012645922,1,13.27,608.0
299,IND,2006,0.118700486958,0.974739436232,1,12.62,387.0
300,IND,2007,-1.01641117216,1.4789009292,1,13.65,991.0
301,IND,2008,0.474624714686,0.456047925846,1,12.14,749.0
302,IND,2009,2.07615057172,-0.50212639151,1,10.92,520.0
303,IND,2010,1.57280236261,0.143756775885,1,11.77,622.0
304,IND,2011,1.67023087817,0.45400404013,1,12.53,598.0
305,IND,2012,2.47873813456,-0.236055495924,1,11.2,296.0
306,IND,2013,1.12493884345,1.04878117754,1,13.89,434.0
307,IND,2014,0.357603175182,1.87980192291,1,15.78,786.0
308,ISP,2004,2.9756330956,-0.350505304471,1,8.27,237.0
309,ISP,2005,2.53453224529,0.31022689931,1,10.45,210.0
310,ISP,2006,2.71863532813,0.66540679554,1,11.63,173.0
311,ISP,2007,2.44704969367,0.950213008487,1,11.49,175.0
312,ISP,2008,2.78926309984,0.951131382758,1,11.95,70.0
313,ISP,2009,3.32028762363,0.367661450728,1,10.74,84.0
314,ISP,2010,2.70707846944,1.36844949034,1,11.42,178.0
315,ISP,2011,2.82382403752,1.36685915361,1,12.66,147.0
316,ISP,2012,2.71288201237,1.77469078666,1,13.61,67.0
317,ISP,2013,2.06124274333,2.64659433934,1,13.38,70.0
318,ISP,2014,1.04384906529,3.92382694782,1,17.02,103.0
319,JAX,2004,2.12500290832,0.873750882617,1,11.9,645.0
320,JAX,2005,1.49423836215,1.11498474149,1,12.67,363.0
321,JAX,2006,1.71602959218,0.852070671873,1,12.35,311.0
322,JAX,2007,0.762851454604,1.49450531688,1,13.44,446.0
323,JAX,2008,1.52242735921,0.868996993782,1,12.5,495.0
324,JAX,2009,2.31524423677,-0.0177842258691,1,10.76,274.0
325,JAX,2010,2.74529675214,-0.384136392025,1,9.92,444.0
326,JAX,2011,2.65419817611,0.0051274146918,1,10.98,367.0
327,JAX,2012,2.8808898632,-0.17902388487,1,10.71,234.0
328,JAX,2013,1.94351900618,0.87493984624,1,12.73,279.0
329,JAX,2014,1.56380544514,1.28359651236,1,13.32,468.0
330,JFK,2004,-3.97896391902,0.955654662826,0,15.07,1340.0
331,JFK,2005,-7.12583164991,2.11592867684,0,17.38,1915.0
332,JFK,2006,-9.40227129096,2.57511969487,0,18.44,1932.0
333,JFK,2007,-12.7241236713,4.14655127436,0,22.68,4102.0
334,JFK,2008,-9.87348868516,1.96721912468,0,18.44,3196.0
335,JFK,2009,-6.76808483032,0.300617837522,0,14.42,2618.0
336,JFK,2010,-6.81129490667,0.787421230391,0,17.87,3797.0
337,JFK,2011,-5.34737709368,0.958493269535,0,17.29,2580.0
338,JFK,2012,-3.18649052442,0.0178922183617,0,14.83,1591.0
339,JFK,2013,-4.55788519065,0.984574574684,0,16.09,1962.0
340,JFK,2014,-5.06413178041,0.994319310936,0,16.64,2319.0
341,LAS,2004,-1.36138941599,-0.576561274015,1,12.72,1484.0
342,LAS,2005,-1.27829316421,-0.54375502445,1,13.41,1400.0
343,LAS,2006,-2.25075612963,-0.346145393357,0,13.78,1609.0
344,LAS,2007,-2.48602310661,-0.566537637216,0,13.81,1842.0
345,LAS,2008,-2.05500477787,-0.796028295321,0,13.95,2057.0
346,LAS,2009,0.568057323296,-1.71751803932,1,11.31,991.0
347,LAS,2010,0.390941504323,-1.4023908141,1,12.32,1016.0
348,LAS,2011,0.27042632298,-1.3262234426,1,12.37,1143.0
349,LAS,2012,0.473781529349,-1.50998240657,1,12.47,918.0
350,LAS,2013,-0.185374811522,-0.371239078727,1,14.46,777.0
351,LAS,2014,-0.488209130218,-0.155871338424,1,14.77,1115.0
352,LAX,2004,-1.17464447443,-3.55904330196,0,10.17,2508.0
353,LAX,2005,-1.1122015733,-3.04338925989,1,10.55,2379.0
354,LAX,2006,-2.48748231556,-2.46864054359,0,11.81,3028.0
355,LAX,2007,-3.14412936203,-2.36991126726,0,12.42,3259.0
356,LAX,2008,-2.05694082897,-2.64647684839,0,12.15,2838.0
357,LAX,2009,0.209445504118,-3.44170329514,1,9.95,1911.0
358,LAX,2010,-0.885732993563,-3.17854210333,1,11.27,2206.0
359,LAX,2011,-1.81233774728,-3.22880409545,0,11.02,2617.0
360,LAX,2012,-1.94673182778,-3.2632917966,0,11.55,2315.0
361,LAX,2013,-1.87602910829,-3.23862742125,0,11.69,2441.0
362,LAX,2014,-2.99967375604,-2.66559201303,0,13.32,2493.0
363,LGA,2004,-5.14063652562,-0.724845486201,0,12.44,4347.0
364,LGA,2005,-7.14610720468,1.18184063449,0,16.09,5060.0
365,LGA,2006,-8.15843684876,1.77624637421,0,16.55,4718.0
366,LGA,2007,-10.8501731375,3.3540003625,0,19.48,6415.0
367,LGA,2008,-9.50316354479,1.9213764905,0,16.86,5753.0
368,LGA,2009,-6.24947377989,0.533090907272,0,13.77,4007.0
369,LGA,2010,-5.36658331654,-0.649062981249,0,12.95,4336.0
370,LGA,2011,-6.20269182089,0.762866814049,0,15.96,4636.0
371,LGA,2012,-4.3193640512,-0.666342671333,0,12.82,3408.0
372,LGA,2013,-5.60564096465,0.605218349784,0,15.72,3311.0
373,LGA,2014,-5.87047520022,0.336619618148,0,15.75,4672.0
374,LGB,2004,3.02551194371,-0.0927948868503,1,8.82,92.0
375,LGB,2005,3.40492395156,-0.723342057966,1,8.24,49.0
376,LGB,2006,2.80243836888,-0.574636777714,1,8.66,65.0
377,LGB,2007,2.08808547573,-0.330490161349,1,9.67,157.0
378,LGB,2008,2.03915787395,-0.331632819616,1,10.59,134.0
379,LGB,2009,3.78515117665,-1.79347626842,1,7.68,72.0
380,LGB,2010,2.59352883203,-0.627305987787,1,10.85,129.0
381,LGB,2011,3.30458009082,-0.892525008383,1,10.04,99.0
382,LGB,2012,4.01511420992,-1.26863726377,1,9.72,84.0
383,LGB,2013,4.18893865707,-1.54711853514,1,8.51,98.0
384,LGB,2014,3.90103157086,-1.14963670944,1,9.26,130.0
385,MCI,2004,1.81705459875,-0.397598759272,1,10.05,670.0
386,MCI,2005,1.63470827668,-0.118505443654,1,10.72,688.0
387,MCI,2006,1.31023981112,0.503788388813,1,11.99,544.0
388,MCI,2007,0.108654573184,0.703958109448,1,13.22,1147.0
389,MCI,2008,0.838659788726,0.524858324531,1,12.93,841.0
390,MCI,2009,1.93167399543,-0.642305475087,1,10.61,538.0
391,MCI,2010,1.8951723688,-0.590610148006,1,11.24,654.0
392,MCI,2011,1.66413482394,0.00568664887206,1,12.58,818.0
393,MCI,2012,2.914467202,-0.815606585536,1,10.81,497.0
394,MCI,2013,1.51877604812,0.458055999235,1,12.69,871.0
395,MCI,2014,1.06774690156,1.08989169751,1,14.14,824.0
396,MCO,2004,0.203407667301,-1.32809613989,1,10.76,2240.0
397,MCO,2005,0.0701884715201,-0.486909565643,1,12.54,856.0
398,MCO,2006,0.281222067639,-0.967942436152,1,12.02,784.0
399,MCO,2007,-0.975671238371,-0.247843245674,1,13.67,1153.0
400,MCO,2008,-0.596117308877,-0.558427715993,1,13.44,1083.0
401,MCO,2009,0.692116436392,-1.32632130435,1,11.62,662.0
402,MCO,2010,0.343769372993,-1.29457687791,1,12.0,1167.0
403,MCO,2011,0.0406063150182,-1.39526933508,1,12.3,1224.0
404,MCO,2012,0.914500629976,-1.56993067885,1,11.15,767.0
405,MCO,2013,-0.0338853943733,-0.441457456847,1,13.52,611.0
406,MCO,2014,-1.3299137901,0.246419339775,1,15.69,1249.0
407,MDW,2004,-0.879791105594,0.135777446678,1,12.15,1056.0
408,MDW,2005,-0.222857876098,0.448731261825,1,13.25,1091.0
409,MDW,2006,-1.87169017323,1.69589827645,1,16.63,1122.0
410,MDW,2007,-2.03618680787,1.77808256309,1,17.31,1368.0
411,MDW,2008,-1.0107454285,0.753377539614,1,15.7,1246.0
412,MDW,2009,0.329612592967,0.243947901935,1,13.85,570.0
413,MDW,2010,-0.937356540019,1.25521232459,1,16.13,1247.0
414,MDW,2011,-0.0875716687958,0.686699938879,1,15.48,952.0
415,MDW,2012,0.829863127839,-0.032558301614,1,13.74,731.0
416,MDW,2013,-1.76897603912,2.10281164911,1,17.63,724.0
417,MDW,2014,-3.45874094581,2.22184356241,0,19.25,2521.0
418,MEM,2004,-0.730976843895,0.0582447013953,1,12.21,749.0
419,MEM,2005,-0.931207325219,-0.116166067118,1,12.02,868.0
420,MEM,2006,-1.65723387517,0.503724221195,1,12.01,878.0
421,MEM,2007,-2.27506070143,0.28458806214,0,12.74,1583.0
422,MEM,2008,-1.76162042626,-0.467706916719,0,12.9,1516.0
423,MEM,2009,-0.518260300819,-1.02086494175,1,10.94,918.0
424,MEM,2010,-0.238608663987,-1.01139188383,1,12.76,1670.0
425,MEM,2011,0.0918431300594,0.872234053107,1,17.04,1087.0
426,MEM,2012,1.13527505126,0.747241355195,1,15.89,428.0
427,MEM,2013,0.613642172527,1.39117459195,1,16.35,661.0
428,MEM,2014,-0.549034381976,3.55493445639,1,19.86,445.0
429,MHT,2004,1.04637904203,1.84313452087,1,13.75,340.0
430,MHT,2005,0.535308095746,2.14286529925,1,15.17,534.0
431,MHT,2006,-0.28231868834,3.55158207605,1,18.22,263.0
432,MHT,2007,-0.894574912837,4.116909979,1,19.39,444.0
433,MHT,2008,0.364829018223,2.85823101978,1,17.21,298.0
434,MHT,2009,1.23316534721,2.3343406551,1,16.6,170.0
435,MHT,2010,1.10745561613,2.5485252789,1,16.39,235.0
436,MHT,2011,1.07313339261,2.85815040124,1,18.14,302.0
437,MHT,2012,0.995484199076,3.10265039562,1,18.47,121.0
438,MHT,2013,-0.0303259441799,4.02538366271,1,18.83,183.0
439,MHT,2014,0.129563479562,4.50518135413,1,20.87,193.0
440,MIA,2004,-0.792917551618,0.343795039816,1,15.18,1215.0
441,MIA,2005,-2.37032637771,1.49267002446,0,18.06,1483.0
442,MIA,2006,-1.37728822414,1.01656950308,1,16.66,748.0
443,MIA,2007,-2.54820689051,2.61738909985,0,19.39,844.0
444,MIA,2008,-3.19582830965,3.06179338628,0,20.11,787.0
445,MIA,2009,-2.3984737122,1.93767156694,0,18.89,572.0
446,MIA,2010,-2.12325390096,1.08291763755,0,18.32,1079.0
447,MIA,2011,-1.99518270167,0.345895525729,0,17.8,1458.0
448,MIA,2012,-1.48937927119,0.439350162429,1,16.92,921.0
449,MIA,2013,-0.768116977517,-0.261965743417,1,14.58,564.0
450,MIA,2014,-1.37394724332,-0.489838159444,1,14.23,835.0
451,MKE,2004,1.63338053193,1.41625156538,1,11.78,406.0
452,MKE,2005,0.438520265538,1.68907590885,1,14.01,416.0
453,MKE,2006,0.722120925914,1.46003424709,1,13.46,477.0
454,MKE,2007,-0.945839808056,2.98185916746,1,16.08,808.0
455,MKE,2008,-0.87328991667,2.15750521023,1,16.13,1200.0
456,MKE,2009,1.2705157464,0.0592095422285,1,12.27,658.0
457,MKE,2010,0.843313126942,0.228501419616,1,12.58,708.0
458,MKE,2011,0.678662904205,0.697366654412,1,13.37,770.0
459,MKE,2012,1.82550609468,0.186185458246,1,12.32,419.0
460,MKE,2013,0.250190781932,1.94995651243,1,15.46,546.0
461,MKE,2014,-0.394314062544,2.70689099,1,17.13,952.0
462,MSP,2004,-2.05464825227,-2.06187516213,0,10.25,1912.0
463,MSP,2005,-3.25182002812,-1.01472659222,0,13.01,1785.0
464,MSP,2006,-1.2016159969,-1.86072548789,1,10.9,1238.0
465,MSP,2007,-4.88478589918,-0.777372925629,0,13.0,3536.0
466,MSP,2008,-1.76058646585,-1.67133179067,0,11.11,1729.0
467,MSP,2009,-1.1073695876,-2.12235904751,1,9.81,1450.0
468,MSP,2010,-1.46685349173,-1.86335622546,0,11.44,2171.0
469,MSP,2011,0.0796171338751,-2.09314619098,1,10.31,1472.0
470,MSP,2012,1.2689253027,-2.77822341107,1,8.95,751.0
471,MSP,2013,-0.515054603449,-2.07415547894,1,10.24,1620.0
472,MSP,2014,-0.460282700084,-0.995329052671,1,12.33,1356.0
473,MSY,2004,2.23244271553,-0.677411220427,1,10.41,755.0
474,MSY,2005,0.883431592015,0.180277962764,1,12.41,1714.0
475,MSY,2006,1.89240028888,0.776927543326,1,12.68,275.0
476,MSY,2007,1.42508612679,0.969736141084,1,13.05,380.0
477,MSY,2008,1.84911089789,0.166184529632,1,12.23,814.0
478,MSY,2009,2.83088350497,-0.774865233306,1,10.13,204.0
479,MSY,2010,2.63044445148,-0.664150644917,1,10.66,401.0
480,MSY,2011,2.82172348872,-0.762127805501,1,10.53,406.0
481,MSY,2012,2.99399650577,-0.915671380832,1,10.37,568.0
482,MSY,2013,2.2777588335,0.0434784889259,1,11.84,328.0
483,MSY,2014,1.63268003786,0.662001616162,1,13.57,595.0
484,OAK,2004,1.91716086366,-0.75904672541,1,10.21,689.0
485,OAK,2005,1.59644805551,-0.47295726684,1,10.44,610.0
486,OAK,2006,1.36521832362,-0.563669769779,1,10.69,918.0
487,OAK,2007,1.45517468708,-0.7434681539,1,10.58,962.0
488,OAK,2008,2.33423644471,-0.837727226126,1,10.36,964.0
489,OAK,2009,3.7162310576,-1.49817492451,1,9.29,599.0
490,OAK,2010,2.88223065781,-0.334561051514,1,11.06,523.0
491,OAK,2011,2.90345349423,-0.33051437476,1,11.11,603.0
492,OAK,2012,2.65685473635,-0.648567348065,1,10.62,454.0
493,OAK,2013,2.588364483,0.298800819692,1,12.28,472.0
494,OAK,2014,0.83225114893,2.00981470769,1,15.03,583.0
495,OGG,2004,4.6045454799,-1.9318904397,1,8.23,63.0
496,OGG,2005,4.15616952491,-2.08302727633,1,7.89,42.0
497,OGG,2006,4.89169736452,-2.8233097172,1,6.69,292.0
498,OGG,2007,5.14031551992,-2.80317082653,1,7.57,223.0
499,OGG,2008,4.50036629763,-2.24547734226,1,9.61,287.0
500,OGG,2009,5.46311738964,-3.13158259592,1,6.28,106.0
501,OGG,2010,5.42844199421,-3.2232834661,1,5.81,116.0
502,OGG,2011,5.69900793314,-3.35788983762,1,6.12,139.0
503,OGG,2012,5.39398924924,-3.26523064682,1,6.47,125.0
504,OGG,2013,5.05294260949,-2.84332391985,1,7.26,210.0
505,OGG,2014,5.37351727221,-3.35825883877,1,5.8,114.0
506,OMA,2004,2.17132872227,1.16103284696,1,12.11,232.0
507,OMA,2005,1.33228131342,1.29161566319,1,12.4,291.0
508,OMA,2006,1.13150368855,1.96009714076,1,13.87,313.0
509,OMA,2007,-0.277240951487,2.9792962405,1,16.58,587.0
510,OMA,2008,0.280996365862,2.55132108875,1,15.9,476.0
511,OMA,2009,1.35331613845,0.865935186031,1,12.63,400.0
512,OMA,2010,1.78759267179,0.822018208911,1,11.94,365.0
513,OMA,2011,2.29873089203,0.590733826855,1,11.34,401.0
514,OMA,2012,3.00592013571,0.111618138003,1,10.82,213.0
515,OMA,2013,1.46204988986,1.35713050676,1,12.8,394.0
516,OMA,2014,1.13900318641,2.01245639856,1,13.69,498.0
517,ONT,2004,2.51232392274,-0.108666053744,1,12.33,379.0
518,ONT,2005,1.91383129013,0.473226035516,1,12.5,355.0
519,ONT,2006,1.6014880332,0.835859172717,1,13.85,408.0
520,ONT,2007,1.96568719462,0.288653377263,1,13.2,471.0
521,ONT,2008,1.90719519862,0.892569888216,1,15.22,338.0
522,ONT,2009,3.16484337359,0.204524318027,1,13.86,213.0
523,ONT,2010,2.85736039613,0.686271949486,1,14.72,227.0
524,ONT,2011,2.72337926803,0.725757710014,1,14.62,234.0
525,ONT,2012,3.1033069808,0.228632931805,1,13.78,190.0
526,ONT,2013,2.38312593773,1.21869636058,1,15.26,204.0
527,ONT,2014,1.38938166865,2.29490491577,1,16.92,290.0
528,ORD,2004,-10.8427390622,-3.02895595819,0,17.79,11725.0
529,ORD,2005,-8.11913917817,-3.30060231801,0,16.76,8466.0
530,ORD,2006,-11.5116168243,-2.9796927372,0,19.66,12915.0
531,ORD,2007,-12.7439431596,-2.87849055154,0,20.81,16618.0
532,ORD,2008,-11.9483036802,-3.306115894,0,19.94,15050.0
533,ORD,2009,-5.78551372201,-4.83889025712,0,13.25,6827.0
534,ORD,2010,-6.27538018037,-4.87968903544,0,14.09,7786.0
535,ORD,2011,-7.74911852683,-4.81790011477,0,15.61,11659.0
536,ORD,2012,-5.14827673469,-4.38039149038,0,14.45,6157.0
537,ORD,2013,-8.1920913624,-3.06655956188,0,18.64,9155.0
538,ORD,2014,-11.7301383711,-3.23440787896,0,20.21,13454.0
539,OXR,2004,5.67267659528,-2.33975775191,1,6.75,43.0
540,OXR,2005,5.51186902164,-2.46420921702,1,5.35,33.0
541,OXR,2006,3.5286452783,-0.342134787441,1,7.73,51.0
542,OXR,2007,4.60620684147,-1.91681622108,1,6.27,21.0
543,OXR,2008,5.23169240537,-2.47725614878,1,5.44,20.0
544,OXR,2009,5.85408152213,-2.80666971472,1,5.92,27.0
545,OXR,2010,5.45176402326,-2.22906969162,1,6.21,10.0
546,PBI,2004,0.529432196199,2.36197844133,1,12.92,416.0
547,PBI,2005,-0.830055012672,3.83037512965,1,16.2,415.0
548,PBI,2006,-0.0938786346264,3.00851825227,1,15.15,205.0
549,PBI,2007,-0.817514850064,3.66537368138,1,16.42,361.0
550,PBI,2008,-0.741267606063,3.75472805939,1,17.29,255.0
551,PBI,2009,0.193280439255,3.01287308039,1,16.04,222.0
552,PBI,2010,0.396105704436,2.79346873291,1,15.53,478.0
553,PBI,2011,0.424093908593,2.82231598884,1,15.65,380.0
554,PBI,2012,0.704959521323,2.57107374404,1,14.72,218.0
555,PBI,2013,-0.419407552664,4.10416258969,1,17.67,164.0
556,PBI,2014,-1.29039918453,4.68913858031,1,18.58,429.0
557,PDX,2004,2.73991658907,-1.61600640242,1,9.2,1038.0
558,PDX,2005,1.92968267714,-0.48674717085,1,11.06,463.0
559,PDX,2006,1.9378508539,-0.383031898688,1,10.93,446.0
560,PDX,2007,2.02019728897,-0.504364985977,1,10.77,442.0
561,PDX,2008,2.4126925044,-1.28463054147,1,9.99,652.0
562,PDX,2009,3.35518437824,-2.19218533159,1,8.14,253.0
563,PDX,2010,3.44884799722,-2.00501316592,1,8.77,282.0
564,PDX,2011,3.20239573981,-1.76377973022,1,8.41,269.0
565,PDX,2012,3.82900250334,-2.28575157444,1,7.97,289.0
566,PDX,2013,3.06950321579,-1.72156529777,1,9.07,322.0
567,PDX,2014,2.78777823923,-1.32130472402,1,9.47,404.0
568,PHL,2004,-6.32184200971,1.23990775903,0,16.68,2853.0
569,PHL,2005,-6.80914695249,1.86799183508,0,19.11,3268.0
570,PHL,2006,-6.66681102974,2.30243317647,0,18.18,1934.0
571,PHL,2007,-7.67428830153,2.90988565008,0,19.64,2493.0
572,PHL,2008,-5.08516760093,0.958461782395,0,15.75,1969.0
573,PHL,2009,-4.96412221159,0.838053977539,0,14.77,1732.0
574,PHL,2010,-3.19892191028,-0.14110631779,0,13.4,2190.0
575,PHL,2011,-3.98419185192,1.19334040737,0,16.17,1988.0
576,PHL,2012,-1.48300793063,-0.267969377639,1,12.28,1041.0
577,PHL,2013,-2.4588891008,0.660265988723,0,13.74,1083.0
578,PHL,2014,-2.61067100352,0.648105986062,0,14.27,1393.0
579,PHX,2004,-1.43096957524,-1.36631231396,1,12.68,1578.0
580,PHX,2005,-1.40393507708,-1.4653342588,1,12.44,1382.0
581,PHX,2006,-2.06261873606,-2.42439192115,0,11.64,1952.0
582,PHX,2007,-2.43847481052,-1.79441899167,0,12.87,2402.0
583,PHX,2008,-1.32623715234,-2.6333946839,0,10.96,1875.0
584,PHX,2009,0.0972950617591,-3.2725919886,1,9.34,1210.0
585,PHX,2010,0.266384411388,-3.61172678195,1,9.11,1446.0
586,PHX,2011,0.479896936839,-3.4500239862,1,9.64,1569.0
587,PHX,2012,0.719284522052,-3.74441390227,1,8.52,947.0
588,PHX,2013,0.37334994255,-2.74907859707,1,9.86,1006.0
589,PHX,2014,-0.3634219974,-1.95535363965,1,11.94,1136.0
590,PIT,2004,1.0448503251,-0.646617578744,1,11.86,1063.0
591,PIT,2005,1.02409122946,-0.216961852419,1,12.07,1076.0
592,PIT,2006,0.824156470391,-0.0509384863191,1,11.72,847.0
593,PIT,2007,-0.533364774015,1.60071318678,1,14.73,1108.0
594,PIT,2008,-0.290755231511,1.57152584253,1,15.41,759.0
595,PIT,2009,1.10263729075,0.599713342151,1,13.09,419.0
596,PIT,2010,1.1079538339,0.291968242028,1,12.1,735.0
597,PIT,2011,0.772572871931,1.2916818851,1,14.26,527.0
598,PIT,2012,2.05732546341,0.13709671573,1,11.73,372.0
599,PIT,2013,1.01601073951,1.02804998687,1,13.18,472.0
600,PIT,2014,1.10015823106,1.29754185865,1,13.76,523.0
601,PSP,2007,1.1306621281,2.17426825197,1,13.53,152.0
602,PSP,2008,1.47060841859,1.30758255039,1,12.35,155.0
603,PSP,2009,3.02179870802,-0.138354152861,1,10.22,97.0
604,PSP,2010,2.30277448628,0.629720704805,1,11.54,154.0
605,PSP,2011,1.84903054167,1.21315734209,1,12.76,153.0
606,PSP,2012,1.58557482111,1.26926260561,1,14.0,150.0
607,PSP,2013,1.86480336108,1.06797218397,1,14.15,155.0
608,PSP,2014,1.30580243543,1.56317806,1,14.56,198.0
609,PVD,2004,1.30733662055,1.2020764394,1,12.17,387.0
610,PVD,2005,0.948124132833,1.12142597364,1,12.52,609.0
611,PVD,2006,1.0886891428,1.40504932622,1,13.01,439.0
612,PVD,2007,-0.244343637306,2.93786957602,1,16.41,625.0
613,PVD,2008,0.815204808269,1.82778755252,1,14.78,379.0
614,PVD,2009,1.63943142981,1.13101462003,1,13.59,184.0
615,PVD,2010,1.66965473794,0.994859704345,1,12.17,382.0
616,PVD,2011,1.42597454331,1.60626827423,1,14.61,421.0
617,PVD,2012,2.22238936969,1.01930547918,1,13.17,194.0
618,PVD,2013,1.41203773889,1.82066886131,1,14.17,212.0
619,PVD,2014,1.83377206604,1.72640206022,1,13.35,256.0
620,RDU,2004,0.252251490903,0.597742255925,1,13.02,1597.0
621,RDU,2005,0.428339361513,0.407044534405,1,12.61,1235.0
622,RDU,2006,-0.470362539749,1.50160780733,1,14.76,1167.0
623,RDU,2007,-0.965135611744,1.81216770663,1,15.65,1434.0
624,RDU,2008,-0.489849469503,1.44075327701,1,14.46,1253.0
625,RDU,2009,0.687972157166,0.451433712927,1,12.79,845.0
626,RDU,2010,0.981243047688,0.287264916598,1,12.47,1207.0
627,RDU,2011,0.864041133322,0.825535251316,1,13.83,1020.0
628,RDU,2012,1.86932145695,-0.168802022208,1,11.89,679.0
629,RDU,2013,0.554396898016,0.84803221663,1,13.8,926.0
630,RDU,2014,0.490034267806,1.45785193671,1,15.0,1156.0
631,RFD,2006,1.19359560561,2.79116945628,1,13.58,9.0
632,RFD,2007,1.00559333448,2.79779947797,1,13.41,4.0
633,RFD,2008,1.03788633741,2.898560457,1,14.56,5.0
634,RFD,2011,3.90077001507,0.518788674109,1,10.78,0.0
635,RFD,2012,4.09642663984,0.257195596741,1,9.76,1.0
636,RFD,2013,3.19842283797,1.35700724405,1,12.23,0.0
637,RSW,2004,2.50056057316,0.447574616243,1,10.72,270.0
638,RSW,2005,0.723755868794,1.38810354439,1,12.86,349.0
639,RSW,2006,0.955762762555,0.917913304751,1,12.31,179.0
640,RSW,2007,0.707991008044,1.47847497061,1,13.44,247.0
641,RSW,2008,1.9146939049,0.636836622568,1,12.09,250.0
642,RSW,2009,2.63682135693,-0.267018468123,1,10.47,163.0
643,RSW,2010,2.49429739448,-0.20523535695,1,10.55,347.0
644,RSW,2011,2.15578341904,0.0959042409077,1,11.34,296.0
645,RSW,2012,3.24321965759,-0.908415039351,1,8.99,189.0
646,RSW,2013,2.07058647918,0.34424648402,1,11.66,156.0
647,RSW,2014,1.15064846899,1.26398131088,1,13.91,384.0
648,SAN,2004,1.79476792332,-1.55779711735,1,8.8,944.0
649,SAN,2005,1.4284900785,-1.21623526206,1,9.32,926.0
650,SAN,2006,1.25931840447,-1.36682312403,1,9.64,1219.0
651,SAN,2007,1.06514364986,-1.13858730545,1,10.11,1142.0
652,SAN,2008,0.800372409047,-1.03752401934,1,11.02,1251.0
653,SAN,2009,2.22223106026,-1.65090459243,1,9.56,768.0
654,SAN,2010,2.13653204072,-1.36506248779,1,10.2,858.0
655,SAN,2011,2.06302226612,-1.12859125892,1,10.36,1031.0
656,SAN,2012,2.01807156512,-1.49006634909,1,10.32,987.0
657,SAN,2013,1.53940088176,-0.760854392285,1,11.26,956.0
658,SAN,2014,1.06552803786,-0.0953666192783,1,12.82,1010.0
659,SAT,2004,1.83791423044,0.664792652345,1,11.87,555.0
660,SAT,2005,2.14890615913,0.189619207285,1,11.22,525.0
661,SAT,2006,1.81511393155,0.516695468664,1,11.92,474.0
662,SAT,2007,0.733846003621,1.29783742244,1,13.35,721.0
663,SAT,2008,1.57725202103,0.652042286189,1,12.26,542.0
664,SAT,2009,2.51021869628,-0.0742789578401,1,11.05,253.0
665,SAT,2010,2.25717383435,0.271407325652,1,11.64,316.0
666,SAT,2011,2.52462810681,-0.288273074567,1,11.09,418.0
667,SAT,2012,2.54128384287,-0.284679889923,1,10.82,303.0
668,SAT,2013,2.13254124632,0.503244194748,1,12.12,386.0
669,SAT,2014,1.40999021649,1.28019330793,1,13.55,458.0
670,SDF,2004,-0.193879086089,2.33228808339,1,14.27,421.0
671,SDF,2005,-1.21519517979,3.43004542505,1,16.32,342.0
672,SDF,2006,-2.05153481119,4.08417939481,1,17.06,226.0
673,SDF,2007,-0.553916379915,2.57868543905,1,14.87,440.0
674,SDF,2008,-0.717113120291,2.72012845758,1,15.22,405.0
675,SDF,2009,0.514422556687,1.82983107173,1,14.04,276.0
676,SDF,2010,0.251002696892,2.28388065978,1,14.7,326.0
677,SDF,2011,0.668616123206,2.26052392688,1,14.57,259.0
678,SDF,2012,1.00595118809,2.08516478465,1,14.1,164.0
679,SDF,2013,0.691788602822,2.24574794265,1,14.24,262.0
680,SDF,2014,0.656439198023,2.29041734449,1,14.8,434.0
681,SEA,2004,0.724306142417,-1.96848897556,1,10.25,1280.0
682,SEA,2005,0.130979107804,-0.879630431522,1,11.83,1006.0
683,SEA,2006,-0.385970740083,-0.708985081267,1,11.67,913.0
684,SEA,2007,-1.11959487247,-0.136204216767,1,12.38,1077.0
685,SEA,2008,-0.199777697134,-1.38051251673,1,10.36,1142.0
686,SEA,2009,1.42499849587,-2.96135280199,1,7.66,487.0
687,SEA,2010,2.45788460192,-3.11438124394,1,7.46,480.0
688,SEA,2011,2.63746749524,-3.14502129147,1,6.94,509.0
689,SEA,2012,2.61481912871,-3.43663813562,1,7.13,658.0
690,SEA,2013,1.89144898727,-2.96866542734,1,7.88,423.0
691,SEA,2014,1.29419618584,-2.53424343465,1,8.63,502.0
692,SFO,2004,0.0240976060414,-1.49059997652,1,9.82,1768.0
693,SFO,2005,-0.727823600702,-0.550887632594,1,12.21,1644.0
694,SFO,2006,-2.08040993716,0.768307879485,0,14.69,2361.0
695,SFO,2007,-2.93228847725,0.775811719838,0,15.32,2550.0
696,SFO,2008,-3.1034543224,0.640646922284,0,16.12,2790.0
697,SFO,2009,-1.35227458613,-0.334888453468,1,13.52,1631.0
698,SFO,2010,-2.68545829826,0.233924211997,0,16.22,2702.0
699,SFO,2011,-2.68795727639,-0.156152221319,0,14.81,2859.0
700,SFO,2012,-4.48245996723,0.429504255364,0,17.53,4014.0
701,SFO,2013,-2.87473241198,-0.761648189909,0,15.05,3318.0
702,SFO,2014,-4.15855297062,0.00243678444917,0,16.16,4257.0
703,SJC,2004,2.12413982177,-0.752571139011,1,9.75,849.0
704,SJC,2005,2.234406077,-0.539939130998,1,9.97,764.0
705,SJC,2006,1.72035348793,-0.225881112509,1,10.55,753.0
706,SJC,2007,2.21110268357,-0.392847906072,1,10.42,737.0
707,SJC,2008,2.59219731285,-0.902446500801,1,9.98,806.0
708,SJC,2009,3.87356411782,-1.77849639987,1,8.21,535.0
709,SJC,2010,3.18532758733,-0.537924610756,1,10.32,380.0
710,SJC,2011,3.35706156275,-0.825139741474,1,9.9,489.0
711,SJC,2012,3.92494450635,-1.56479430058,1,8.66,398.0
712,SJC,2013,2.89619095902,-0.194831219928,1,10.85,432.0
713,SJC,2014,2.08355295843,0.753122783205,1,12.67,428.0
714,SJU,2004,2.08201867512,0.0841811649515,1,11.19,330.0
715,SJU,2005,1.00336847177,1.00392821625,1,12.74,315.0
716,SJU,2006,0.941337414657,0.673454607032,1,11.61,257.0
717,SJU,2007,0.771259386991,1.0921849354,1,12.53,307.0
718,SJU,2008,1.54870820902,0.890169826314,1,12.54,238.0
719,SJU,2009,2.67807809746,-0.156916003119,1,11.44,199.0
720,SJU,2010,1.92150152524,0.478358253665,1,12.21,258.0
721,SJU,2011,2.1614393836,-0.200452331715,1,10.86,240.0
722,SJU,2012,3.09206288722,-0.962577172057,1,9.55,174.0
723,SJU,2013,2.03775348553,0.278808872775,1,12.31,127.0
724,SJU,2014,2.27887954072,0.301151974548,1,11.71,280.0
725,SLC,2004,0.17613666337,-2.15036835892,1,8.75,1547.0
726,SLC,2005,-0.00981448745983,-2.66694091854,1,8.99,1685.0
727,SLC,2006,-0.28912520237,-2.09636196495,1,9.04,1027.0
728,SLC,2007,-1.27426657332,-1.41151628673,1,10.06,1123.0
729,SLC,2008,-0.271836237755,-2.47866038861,1,9.19,1089.0
730,SLC,2009,0.0360575514577,-3.12973006943,1,7.86,734.0
731,SLC,2010,-0.405285702344,-2.56944437262,1,9.44,1006.0
732,SLC,2011,1.33057136031,-3.12009110359,1,8.18,801.0
733,SLC,2012,2.31463004856,-3.35539657411,1,7.26,473.0
734,SLC,2013,0.69587744546,-2.56530485692,1,9.44,869.0
735,SLC,2014,1.60775317276,-2.16661999114,1,9.86,573.0
736,SMF,2007,2.07050852613,-0.276242135011,1,11.01,551.0
737,SMF,2008,2.52769829648,-0.289813447379,1,11.12,507.0
738,SMF,2009,3.87729110818,-1.30072118074,1,9.02,344.0
739,SMF,2010,3.34854540828,-0.776130308783,1,9.97,493.0
740,SMF,2011,3.23840267501,-1.02451844568,1,9.82,538.0
741,SMF,2012,3.79857857454,-1.7360029104,1,8.97,465.0
742,SMF,2013,3.43194683062,-0.940964007725,1,9.88,437.0
743,SMF,2014,2.4837103999,0.170471961243,1,11.91,579.0
744,SNA,2004,1.08031400805,0.0436550364974,1,11.09,632.0
745,SNA,2005,1.51818720312,-0.596822941386,1,10.03,559.0
746,SNA,2006,1.14027585797,-0.359589468516,1,10.5,721.0
747,SNA,2007,0.423291945243,-0.113185813532,1,11.29,895.0
748,SNA,2008,1.30780581994,-0.546022416105,1,10.79,726.0
749,SNA,2009,2.25915853617,-1.41080601742,1,9.33,516.0
750,SNA,2010,2.40151873586,-0.970546562741,1,10.42,456.0
751,SNA,2011,2.77173300666,-1.25185802835,1,9.76,531.0
752,SNA,2012,2.89068999199,-1.11259626686,1,10.47,496.0
753,SNA,2013,2.61084253316,-0.564106925674,1,11.06,443.0
754,SNA,2014,1.9316690272,0.509548463366,1,12.75,468.0
755,STL,2004,2.18901179774,-1.46449604422,1,10.0,832.0
756,STL,2005,1.57753578534,-1.34108712722,1,10.41,790.0
757,STL,2006,1.48072262065,-0.720898911963,1,11.71,994.0
758,STL,2007,0.194411640839,0.602746022003,1,14.26,1292.0
759,STL,2008,0.314609944286,0.226186259019,1,13.73,1316.0
760,STL,2009,2.2608822414,-0.902671388135,1,10.74,695.0
761,STL,2010,1.63374357842,-0.19371664665,1,12.16,715.0
762,STL,2011,1.27203329374,-0.234974259597,1,12.52,1238.0
763,STL,2012,2.32600172651,-0.825140026027,1,11.03,502.0
764,STL,2013,1.58398695122,0.360440585663,1,13.24,765.0
765,STL,2014,0.713573498735,1.2582200236,1,15.01,1014.0
766,SWF,2004,-0.576874602482,4.57716073322,1,16.63,81.0
767,SWF,2005,-0.439252419063,4.4347143766,1,17.3,94.0
768,SWF,2006,-1.22445430247,5.66081630061,1,18.78,39.0
769,SWF,2007,-1.59167447136,4.78008268245,1,17.4,120.0
770,SWF,2008,0.282906417217,3.4700993288,1,16.07,53.0
771,SWF,2009,-0.6732038789,4.50955168104,1,16.71,29.0
772,SWF,2010,0.0933414006768,3.83682624649,1,14.95,67.0
773,SWF,2011,-0.370182008007,4.82608020441,1,17.8,42.0
774,SWF,2012,1.38502732344,2.99457392988,1,14.4,14.0
775,SWF,2013,-0.0953357184493,3.88588193325,1,14.62,27.0
776,SWF,2014,0.476301741015,4.07072545549,1,16.78,17.0
777,TPA,2004,1.90400960461,-1.0355989573,1,9.85,1167.0
778,TPA,2005,0.917631902502,-0.276084437691,1,11.39,771.0
779,TPA,2006,1.53146008863,-0.741828693549,1,10.78,427.0
780,TPA,2007,0.855309816343,0.288728361028,1,12.55,705.0
781,TPA,2008,1.05863732476,-0.00266815534599,1,12.39,727.0
782,TPA,2009,2.18881399075,-0.659881119468,1,10.86,349.0
783,TPA,2010,1.83136568808,-0.654933756254,1,11.02,709.0
784,TPA,2011,2.34605404635,-0.977994984634,1,10.6,667.0
785,TPA,2012,2.59374150723,-0.970245472088,1,10.51,450.0
786,TPA,2013,1.86916318433,-0.0441863971643,1,11.9,326.0
787,TPA,2014,0.701754725713,0.891880843737,1,14.33,723.0
788,TUS,2004,1.66399056723,1.83764002872,1,14.09,103.0
789,TUS,2005,2.54737205254,0.638687585788,1,11.53,126.0
790,TUS,2006,2.19180487284,0.292814845469,1,10.49,206.0
791,TUS,2007,2.20297966169,0.360723477003,1,10.62,281.0
792,TUS,2008,3.08141178618,-0.340904954344,1,9.51,206.0
793,TUS,2009,3.73234649272,-0.977694445013,1,8.41,117.0
794,TUS,2010,3.87622828045,-1.00027527347,1,8.27,144.0
795,TUS,2011,3.51844187806,-0.709544164448,1,8.76,204.0
796,TUS,2012,3.92703931332,-1.15585104466,1,8.1,117.0
797,TUS,2013,2.99360719639,0.0896004672772,1,10.55,175.0
798,TUS,2014,2.34779748975,0.919471194427,1,12.33,178.0
